Intercept,Lighting,Age,AgeLight
-8.57029444,-1.945497742,0.179394464,-0.269161758
-5.356221426,4.612925456,0.28195253,-0.117445223
-2.878712152,8.693197374,0.411930696,0.114947585
