Intercept,Age
-1.17816761511855,0.123033402976602
0.304225578316126,0.166689051383253
1.35895117263102,0.224220414091074
